{"name":"Piccaloe","short_name":"picolo","description":"Fun challenge / drinking / dare game.","start_url":"/piccoloGame/","display":"standalone","theme_color":"#336699","background_color":"#FFFFFF","icons":[{"src":"client/pwa/icons/pngs/pic-16x16.png","sizes":"16x16","type":"image/png"},{"src":"client/pwa/icons/pngs/pic-32x32.png","sizes":"32x32","type":"image/png"},{"src":"client/pwa/icons/pngs/pic-64x64.png","sizes":"64x64","type":"image/png"},{"src":"client/pwa/icons/pngs/pic-128x128.png","sizes":"128x128","type":"image/png"},{"src":"client/pwa/icons/pngs/pic-192x192.png","sizes":"192x192","type":"image/png"},{"src":"client/pwa/icons/pngs/pic-256x256.png","sizes":"256x256","type":"image/png"},{"src":"client/pwa/icons/pngs/pic-512x512.png","sizes":"512x512","type":"image/png"}],"screenshots":[{"src":"client/pwa/screenshots/wide/wide1.png","sizes":"2122x1048","type":"image/gif","form_factor":"wide","label":"Homescreen Piccaloe"},{"src":"client/pwa/screenshots/narrow/narrow.png","sizes":"1278x1536","type":"image/gif","form_factor":"narrow","label":"Homescreen Piccaloe"}]}